campus,titulo,link,data
Serrinha,PROGRAMA DE ASSISTÊNCIA E INCLUSÃO SOCIAL DO ESTUDANTE – PAISE 2026,https://www.ifbaiano.edu.br/unidades/serrinha/2026/04/29/programa-de-assistencia-e-inclusao-social-do-estudante-paise-2026/,2026-04-29
Guanambi,Campus Guanambi abriu processo seletivo para professor substituto,https://www.ifbaiano.edu.br/unidades/guanambi/2026/04/28/campus-guanambi-abriu-processo-seletivo-para-professor-substituto/,2026-04-28
Santa Inês,Campus Santa Inês divulga resultado preliminar do PAISE 2026-2027,https://www.ifbaiano.edu.br/unidades/santaines/campus-santa-ines-divulga-resultado-preliminar-do-paise-2026-2027/,2026-04-28
Uruçuca,"EDITAL Nº 07, DE 24 DE ABRIL DE 2026",https://www.ifbaiano.edu.br/unidades/urucuca/2026/04/27/edital-no-07-de-24-de-abril-de-2026/,2026-04-27
Guanambi,Professores do IF Baiano apresentam projeto Sirus em agenda institucional em Salvador,https://www.ifbaiano.edu.br/unidades/guanambi/2026/04/27/professores-do-if-baiano-apresentam-projeto-sirus-em-agenda-institucional-em-salvador/,2026-04-27
Guanambi,Trajetória do IF Baiano na pesquisa com bananicultura em Guanambi é destacada em evento internacional no México,https://www.ifbaiano.edu.br/unidades/guanambi/2026/04/27/trajetoria-do-if-baiano-em-pesquisa-com-bananicultura-e-destacada-em-evento-internacional-no-mexico/,2026-04-27
Guanambi,Campus Guanambi convida pais e/ou responsáveis dos alunos das turmas do primeiro ano para reunião no dia 4 de maio,https://www.ifbaiano.edu.br/unidades/guanambi/2026/04/27/campus-guanambi-convida-pais-e-ou-responsaveis-dos-alunos-das-turmas-do-primeiro-ano-para-reuniao-no-dia-4-de-maio/,2026-04-27
Bonfim,SISU 2026 (7° CHAMADA DA LISTA DE ESPERA),https://www.ifbaiano.edu.br/unidades/bonfim/2026/04/27/sisu-2026-7-chamada-da-lista-de-espera/,2026-04-27
Santa Inês,IF Baiano – Campus Santa Inês abre inscrições para Grupo de Estudos com foco no Enem,https://www.ifbaiano.edu.br/unidades/santaines/if-baiano-campus-santa-ines-abre-inscricoes-para-grupo-de-estudos-com-foco-no-enem/,2026-04-27
Mangabeira,Boletin Interno – Campus Governador Mangabeira,https://www.ifbaiano.edu.br/unidades/gmb/2026/04/26/11179/,2026-04-26
Uruçuca,"24 de abril – Dia da Lei de Libras: reconhecimento, identidade e inclusão",https://www.ifbaiano.edu.br/unidades/urucuca/2026/04/24/24-de-abril-dia-da-lei-de-libras-reconhecimento-identidade-e-inclusao/,2026-04-24
Uruçuca,IF Baiano e Secretaria de Saúde de Uruçuca alinham fluxo de atendimento para estudantes,https://www.ifbaiano.edu.br/unidades/urucuca/2026/04/24/if-baiano-e-secretaria-de-saude-de-urucuca-alinham-fluxo-de-atendimento-para-estudantes/,2026-04-24
Uruçuca,Dia da Água – 21/03,https://www.ifbaiano.edu.br/unidades/urucuca/2026/04/24/dia-da-agua-21-03/,2026-04-24
Teixeira,IF Baiano realiza evento de inauguração do Programa Partiu IF 2026 em Teixeira de Freitas,https://www.ifbaiano.edu.br/unidades/teixeira/if-baiano-realiza-evento-de-inauguracao-do-programa-partiu-if-2026-em-teixeira-de-freitas/,2026-04-24
Santa Inês,IF Baiano divulga resultado preliminar de matriculados(as) na Pós-Graduação em EJA articulada à Educação Profissional no Campus Santa Inês,https://www.ifbaiano.edu.br/unidades/santaines/if-baiano-divulga-resultado-preliminar-de-matriculadosas-na-pos-graduacao-em-eja-articulada-a-educacao-profissional-no-campus-santa-ines/,2026-04-23
Santa Inês,IF Baiano – Campus Santa Inês abre inscrições para Atividades Curriculares da Cultura Corporal 2026,https://www.ifbaiano.edu.br/unidades/santaines/if-baiano-campus-santa-ines-abre-inscricoes-para-atividades-curriculares-da-cultura-corporal-2026/,2026-04-23
Santa Inês,IF Baiano prorroga inscrições para 194 bolsas de iniciação científica até 12 de maio,https://www.ifbaiano.edu.br/unidades/santaines/if-baiano-prorroga-inscricoes-para-194-bolsas-de-iniciacao-cientifica-ate-12-de-maio/,2026-04-23
Santa Inês,FEMMIC 2026 será realizada no Campus Catu com foco em ciência e inovação,https://www.ifbaiano.edu.br/unidades/santaines/femmic-2026-sera-realizada-no-campus-catu-com-foco-em-ciencia-e-inovacao/,2026-04-23
Santa Inês,MEC divulga novo episódio da série Indicações Geográficas nos IFs feita em parceria com o IF Baiano,https://www.ifbaiano.edu.br/unidades/santaines/mec-divulga-novo-episodio-da-serie-indicacoes-geograficas-nos-ifs-feita-em-parceria-com-o-if-baiano/,2026-04-23
Bonfim,"EDITAL DE REOPÇÃO DE CURSO, TRANSFERÊNCIA INTERNA E EXTERNA, MATRÍCULA ESPECIAL,INGRESSO COMO PORTADOR DE DIPLOMA E REINTEGRAÇÃO PARA O SEMESTRE 2026.1 DE LCA/LCC",https://www.ifbaiano.edu.br/unidades/bonfim/2026/04/23/edital-de-reopcao-de-curso-transferencia-interna-e-externa-matricula-especialingresso-como-portador-de-diploma-e-reintegracao-para-o-semestre-2026-1-de-lca-lcc/,2026-04-23
Itapetinga,Resultado Final do PAISE,https://www.ifbaiano.edu.br/unidades/itapetinga/2026/04/22/resultado-final-no-paise/,2026-04-22
Teixeira,IF Baiano participa do 1º Encontro Nacional Pro-SEMEIA em Aracaju (SE),https://www.ifbaiano.edu.br/unidades/teixeira/if-baiano-participa-do-1o-encontro-nacional-pro-semeia-em-aracaju-se/,2026-04-22
Guanambi,Alunos de Ciências Biológicas realizam aula de campo no Parque Estadual da Serra dos Montes Altos,https://www.ifbaiano.edu.br/unidades/guanambi/2026/04/18/alunos-de-ciencias-biologicas-realizam-aula-de-campo-no-parque-estadual-da-serra-dos-montes-altos/,2026-04-18
Santa Inês,IF Baiano – Campus Santa Inês realiza Aula Inaugural do Programa Partiu IF 2026,https://www.ifbaiano.edu.br/unidades/santaines/if-baiano-campus-santa-ines-realiza-aula-inaugural-do-programa-partiu-if-2026/,2026-04-17
Bonfim,Novos Editais dos Programas de Assistência Estudantil PAE e PROPAC  Publicados.,https://www.ifbaiano.edu.br/unidades/bonfim/2026/04/17/novos-editais-dos-programas-de-assistencia-estudantil-pae-e-propac-foram-publicados/,2026-04-17
Santa Inês,IF Baiano – Campus Santa Inês realiza aula inaugural dos cursos superiores 2026.1,https://www.ifbaiano.edu.br/unidades/santaines/if-baiano-campus-santa-ines-realiza-aula-inaugural-dos-cursos-superiores-2026-1/,2026-04-17
Guanambi,Estudantes do IF Baiano Campus Guanambi conquistam oito medalhas na Olimpíada Brasileira de Astronomia e Astronáutica (OBA),https://www.ifbaiano.edu.br/unidades/guanambi/2026/04/16/estudantes-do-if-baiano-campus-guanambi-conquistam-medalhas-na-olimpiada-brasileira-de-astronomia-e-astronautica-oba/,2026-04-16
Alagoinhas,EDITAL DE RENOVAÇÃO DE MATRÍCULA DOS CURSOS INTEGRADOS 2026 E DO CURSO SUBSEQUENTE – TÉCNICO EM AGROINDÚSTRIA 2026.1,https://www.ifbaiano.edu.br/unidades/alagoinhas/edital-de-renovacao-de-matricula-dos-cursos-integrados-2026-e-do-curso-subsequente-tecnico-em-agroindustria-2026-1/,2026-04-16
Lapa,Campus Bom Jesus da Lapa realiza Aula Inaugural do Programa Partiu IF 2026,https://www.ifbaiano.edu.br/unidades/lapa/2026/04/16/campus-bom-jesus-da-lapa-realiza-aula-inaugural-do-programa-partiu-if-2026/,2026-04-16
Santa Inês,Aula inaugural marca início do semestre letivo dos cursos superiores no IF Baiano – Campus Santa Inês,https://www.ifbaiano.edu.br/unidades/santaines/aula-inaugural-marca-inicio-do-semestre-letivo-dos-cursos-superiores-no-if-baiano-campus-santa-ines/,2026-04-15
Guanambi,Campus Guanambi abriu segunda turma do programa Partiu IF com 40 alunos,https://www.ifbaiano.edu.br/unidades/guanambi/2026/04/15/campus-guanambi-abriu-segunda-turma-do-programa-partiu-if-com-40-alunos/,2026-04-15
Santa Inês,IF Baiano lança editais de intercâmbio no Canadá para estudantes e servidores,https://www.ifbaiano.edu.br/unidades/santaines/if-baiano-lanca-editais-de-intercambio-no-canada-para-estudantes-e-servidores/,2026-04-14
Guanambi,"Tenda da Ciência retorna a Guanambi com submissão de trabalhos até a próxima segunda-feira, 20",https://www.ifbaiano.edu.br/unidades/guanambi/2026/04/14/tenda-da-ciencia-retorna-a-guanambi-com-submissao-de-trabalhos-ate-a-proxima-segunda-feira-20/,2026-04-14
Itaberaba,Abertas as inscrições para o Curso de Qualificação Profissional FIC em Ciências da Natureza (Edital 69/2026),https://www.ifbaiano.edu.br/unidades/itaberaba/2026/04/14/edital-69-2026-curso-fic-ciencias-da-natureza/,2026-04-14
Santa Inês,Campus Santa Inês abre seleção para professor substituto da área de Tecnologia de Alimentos,https://www.ifbaiano.edu.br/unidades/santaines/campus-santa-ines-abre-selecao-para-professor-substituto-da-area-de-tecnologia-de-alimentos/,2026-04-14
Santa Inês,XII Semana de Zootecnia do IF Baiano abre inscrições para participação e submissão de trabalhos,https://www.ifbaiano.edu.br/unidades/santaines/xii-semana-de-zootecnia-do-if-baiano-abre-inscricoes-para-participacao-e-submissao-de-trabalhos/,2026-04-14
Santa Inês,Projeto Ciência na Feira promove exposição científica na feira livre de Jiquiriçá (BA),https://www.ifbaiano.edu.br/unidades/santaines/projeto-ciencia-na-feira-promove-exposicao-cientifica-na-feira-livre-de-jiquirica-ba/,2026-04-14
Santa Inês,Projeto mobiliza estudantes e comunidade em prol do meio ambiente,https://www.ifbaiano.edu.br/unidades/santaines/projeto-mobiliza-estudantes-e-comunidade-em-prol-do-meio-ambiente/,2026-04-14
Santa Inês,IF Baiano promove formação de docentes e avança na atualização dos jogos institucionais,https://www.ifbaiano.edu.br/unidades/santaines/if-baiano-promove-formacao-de-docentes-e-avanca-na-atualizacao-dos-jogos-institucionais/,2026-04-14
Santa Inês,IF Baiano abre seleção para vagas remanescentes na Pós-Graduação em EJA articulada à Educação Profissional no Campus Santa Inês,https://www.ifbaiano.edu.br/unidades/santaines/if-baiano-abre-selecao-para-vagas-remanescentes-na-pos-graduacao-em-eja-articulada-a-educacao-profissional-no-campus-santa-ines/,2026-04-14
Xique-Xique,Seleção de Estágio Curricular para Alunos do Curso Técnico Em Agropecuária e Meio Ambiente – Campus Xique-Xique – Abril 2026,https://www.ifbaiano.edu.br/unidades/xique-xique/2026/04/14/selecao-de-estagio-curricular-para-alunos-do-curso-tecnico-em-agropecuaria-e-meio-ambiente-campus-xique-xique-abril-2026/,2026-04-14
Xique-Xique,Processo Eleitoral para do Grupo Gestor do Núcleo de Estudos Afro-brasileiros e Indígenas (NEABI) IF Baiano – Campus Xique-Xique – Biênio 2026-2027,https://www.ifbaiano.edu.br/unidades/xique-xique/2026/04/13/processo-eleitoral-para-do-grupo-gestor-do-nucleo-de-estudos-afro-brasileiros-e-indigenas-neabi-if-baiano-campus-xique-xique-bienio-2026-2027/,2026-04-13
Santa Inês,Campus Santa Inês realiza aula inaugural da 4ª turma da Pós-Graduação em EJA articulada à Educação Profissional,https://www.ifbaiano.edu.br/unidades/santaines/campus-santa-ines-realiza-aula-inaugural-da-4a-turma-da-pos-graduacao-em-eja-articulada-a-educacao-profissional-2/,2026-04-13
Guanambi,Inscrições para tutores de pares terminam nesta terça-feira,https://www.ifbaiano.edu.br/unidades/guanambi/2026/04/12/inscricoes-para-tutores-de-pares-terminam-nesta-terca-feira/,2026-04-12
Alagoinhas,Semana de Acolhimento dos Cursos Integrados ao Ensino Médio 2026,https://www.ifbaiano.edu.br/unidades/alagoinhas/semana-de-acolhimento-dos-cursos-integrados-ao-ensino-medio-2026/,2026-04-11
Uruçuca,Eleição para representante dos estudantes alojados,https://www.ifbaiano.edu.br/unidades/urucuca/2026/04/10/eleicao-para-representante-dos-estudantes-alojados/,2026-04-10
Alagoinhas,Nota de Pesar Andrei dos Santos Pimentel Silva,https://www.ifbaiano.edu.br/unidades/alagoinhas/nota-de-pesar-andrei-dos-santos-pimentel-silva/,2026-04-10
Xique-Xique,Processo Seletivo para Concessão de Bolsas de Monitoria de Ensino da Educação Profissional Técnica de Nível Médio – Abril 2026,https://www.ifbaiano.edu.br/unidades/xique-xique/2026/04/10/processo-seletivo-para-concessao-de-bolsas-de-monitoria-de-ensino-da-educacao-profissional-tecnica-de-nivel-medio-abril-2026/,2026-04-10
Santa Inês,IF Baiano firma parceria com o Restaurante-Escola Senac Casa do Comércio,https://www.ifbaiano.edu.br/unidades/santaines/if-baiano-firma-parceria-com-o-restaurante-escola-senac-casa-do-comercio/,2026-04-09
Santa Inês,IF Baiano – Campus Santa Inês divulga resultado final do PIBID e publica nota de esclarecimento sobre recursos,https://www.ifbaiano.edu.br/unidades/santaines/if-baiano-campus-santa-ines-divulga-resultado-final-do-pibid-e-publica-nota-de-esclarecimento-sobre-recursos/,2026-04-08
Bonfim,Seleção de Estágio Curricular para estudantes dos cursos Técnico Integrado e Subsequente,https://www.ifbaiano.edu.br/unidades/bonfim/2026/04/07/selecao-de-estagio-curricular-para-estudantes-dos-cursos-tecnico-integrado-e-subsequente/,2026-04-07
Itaberaba,Seleção de estudantes para o PAISE 2026 (Edital nº 25/2026),https://www.ifbaiano.edu.br/unidades/itaberaba/2026/04/06/paise-2026/,2026-04-06
Bonfim,IF Baiano – Campus Senhor do Bonfim abre inscrições para estágio remunerado de nível Superior: de 12 a 24 de abril,https://www.ifbaiano.edu.br/unidades/bonfim/2026/04/06/if-baiano-campus-senhor-do-bonfim-abre-inscricoes-para-estagio-remunerado-de-nivel-superior-de-11-a-24-de-abril/,2026-04-06
Xique-Xique,Nota de agradecimento – Ao Sr. Pedro Queiroz Junior,https://www.ifbaiano.edu.br/unidades/xique-xique/2026/04/06/nota-de-agradecimento-ao-sr-pedro-queiroz-junior/,2026-04-06
Teixeira,IF Baiano divulga edital complementar do Programa de Alimentação Estudantil 2026.1,https://www.ifbaiano.edu.br/unidades/teixeira/if-baiano-divulga-edital-complementar-do-programa-de-alimentacao-estudantil-2026-1/,2026-04-06
Uruçuca,Conhecer para incluir: Autismo,https://www.ifbaiano.edu.br/unidades/urucuca/2026/04/02/conhecer-para-incluir-autismo/,2026-04-02
Xique-Xique,Seleção Simplificada de Estudantes para o PartiuIF – 2026,https://www.ifbaiano.edu.br/unidades/xique-xique/2026/04/01/selecao-simplificada-de-estudantes-para-o-partiuif-2026/,2026-04-01
Uruçuca,IFCE oferece curso on-line e gratuito preparatório para o Enem,https://www.ifbaiano.edu.br/unidades/urucuca/2026/04/01/ifce-oferece-curso-on-line-e-gratuito-preparatorio-para-o-enem/,2026-04-01
Bonfim,Homologação de Inscrições para bolsistas do Projeto Supera,https://www.ifbaiano.edu.br/unidades/bonfim/2026/03/31/homologacao-de-inscricoes-para-bolsistas-do-projeto-supera/,2026-03-31
Uruçuca,Edital 6/2026 – Programa de Auxílios Eventuais – PAE,https://www.ifbaiano.edu.br/unidades/urucuca/2026/03/31/edital-6-2026-programa-de-auxilios-eventuais-pae/,2026-03-31
Guanambi,IF Baiano Campus Guanambi realiza colação de grau de 14 estudantes em cerimônia no gabinete,https://www.ifbaiano.edu.br/unidades/guanambi/2026/03/27/if-baiano-campus-guanambi-realiza-colacao-de-grau-de-14-estudantes-em-cerimonia-no-gabinete/,2026-03-27
Teixeira,IF Baiano – Campus Teixeira de Freitas realiza aplicação da Olimpíada Canguru de Matemática 2026,https://www.ifbaiano.edu.br/unidades/teixeira/if-baiano-campus-teixeira-de-freitas-realiza-aplicacao-da-olimpiada-canguru-de-matematica-2026/,2026-03-26
Teixeira,Profª Drª Elen Rosa toma posse como Diretora-Geral do IF Baiano – Campus Teixeira de Freitas para o quadriênio 2026–2030,https://www.ifbaiano.edu.br/unidades/teixeira/profa-dra-elen-rosa-toma-posse-como-diretora-geral-do-if-baiano-campus-teixeira-de-freitas-para-o-quadrienio-2026-2030/,2026-03-25
Itapetinga,Professor Rômulo toma posse como Diretor-Geral do Campus Itapetinga,https://www.ifbaiano.edu.br/unidades/itapetinga/2026/03/25/professor-romulo-sposito-das-virgens-toma-posse-como-diretor-geral-do-campus-itapetinga-para-a-gestao-2026-2030/,2026-03-25
Teixeira,IF Baiano divulga convocação para a Banca de Heteroidentificação do Partiu IF 2026,https://www.ifbaiano.edu.br/unidades/teixeira/if-baiano-divulga-convocacao-para-a-banca-de-heteroidentificacao-do-partiu-if-2026/,2026-03-24
Bonfim,Campus Senhor do Bonfim realiza formatura da 2ª turma do curso Salgadeiras do Programa Mulheres Mil,https://www.ifbaiano.edu.br/unidades/bonfim/2026/03/24/campus-senhor-do-bonfim-realiza-formatura-da-2a-turma-do-curso-salgadeiras-do-programa-mulheres-mil/,2026-03-24
Guanambi,Professor Ariomar toma posse como diretor-geral do IF Baiano Campus Guanambi e inicia mandato até 2030,https://www.ifbaiano.edu.br/unidades/guanambi/2026/03/24/professor-ariomar-toma-posse-como-diretor-geral-do-if-baiano-campus-guanambi-e-inicia-mandato-ate-2030/,2026-03-24
Mangabeira,IF Baiano – Campus Governador Mangabeira empossa nova Diretora-Geral para o período 2026–2030,https://www.ifbaiano.edu.br/unidades/gmb/2026/03/24/if-baiano-campus-governador-mangabeira-empossa-nova-diretora-geral-para-o-periodo-2026-2030/,2026-03-24
Itapetinga,IF Baiano convoca candidatos do Campus Itapetinga para banca de heteroidentificação do Partiu IF 2026,https://www.ifbaiano.edu.br/unidades/itapetinga/2026/03/24/if-baiano-convoca-candidatos-do-campus-itapetinga-para-banca-de-heteroidentificacao-do-partiu-if-2026/,2026-03-24
Guanambi,IF Baiano abre inscrições do PAISE 2026 em Guanambi; veja quem pode participar,https://www.ifbaiano.edu.br/unidades/guanambi/2026/03/23/if-baiano-abre-inscricoes-do-paise-2026-em-guanambi-veja-quem-pode-participar/,2026-03-23
Guanambi,Processo Seletivo oferta 144 vagas ociosas em cursos de graduação,https://www.ifbaiano.edu.br/unidades/guanambi/2026/03/23/processo-seletivo-oferta-144-vagas-ociosas-em-cursos-de-graduacao/,2026-03-23
Guanambi,"Campus Guanambi reuniu cerca de 100 mulheres rurais em evento sobre protagonismo, direitos e agroindústria",https://www.ifbaiano.edu.br/unidades/guanambi/2026/03/23/campus-guanambi-reuniu-cerca-de-100-mulheres-rurais-em-evento-sobre-protagonismo-direitos-e-agroindustria-em-guanambi/,2026-03-23
Bonfim,Pregão Eletrônico nº 1 90000/2026 – Contratação de empresa de fornecimento de gás liquefeito de petróleo (GLP),https://www.ifbaiano.edu.br/unidades/bonfim/2026/03/20/pregao-eletronico-no-1-90000-2026-contratacao-de-empresa-de-fornecimento-de-gas-liquefeito-de-petroleo-glp/,2026-03-20
Guanambi,IF Baiano inaugura ampliação do refeitório em Guanambi com nova cozinha,https://www.ifbaiano.edu.br/unidades/guanambi/2026/03/20/if-baiano-inaugura-ampliacao-do-refeitorio-em-guanambi-com-nova-cozinha/,2026-03-20
Xique-Xique," Convocação para reunião – Às mães, aos pais e responsáveis  dos/das estudantes ingressantes em 2026",https://www.ifbaiano.edu.br/unidades/xique-xique/2026/03/20/convocacao-para-reuniao-as-maes-aos-pais-e-responsaveis-dos-das-estudantes-ingressantes-em-2026/,2026-03-20
Itaberaba,Inscrições abertas para vagas remanescentes: Curso de Costureira de Máquina Reta e Overloque – Programa Mulheres Mil (Edital 50/2026),https://www.ifbaiano.edu.br/unidades/itaberaba/2026/03/18/vagas-remanescentes-mulheres-mil-costureira-edital-50-2026/,2026-03-18
Teixeira,IF Baiano – Campus Teixeira de Freitas participará da Olimpíada Canguru de Matemática 2026,https://www.ifbaiano.edu.br/unidades/teixeira/if-baiano-campus-teixeira-de-freitas-participara-da-olimpiada-canguru-de-matematica-2026/,2026-03-17
Teixeira,IF Baiano realizou Circuito Interativo da 22ª Semana Nacional de Ciência e Tecnologia em Alcobaça,https://www.ifbaiano.edu.br/unidades/teixeira/if-baiano-realiza-o-circuito-interativo-da-22a-semana-nacional-de-ciencia-e-tecnologia-em-alcobaca/,2026-03-17
Lapa,PROCESSO SELETIVO PARA PARTICIPAÇÃO NO CURSO DE FORMAÇÃO DE PROFISSIONAIS DE APOIO ESCOLAR,https://www.ifbaiano.edu.br/unidades/lapa/2026/03/17/processo-seletivo-para-participacao-no-curso-de-formacao-de-profissionais-de-apoio-escolar/,2026-03-17
Itapetinga,Campus Itapetinga promove evento sobre drones nos dias 20 e 21 de março,https://www.ifbaiano.edu.br/unidades/itapetinga/2026/03/16/icampus-itapetinga-promove-evento-sobre-drones-nos-dias-20-e-21-de-marco/,2026-03-16
Lapa,Edital n° 20/2026 – Monitoria Integrado,https://www.ifbaiano.edu.br/unidades/lapa/2026/03/13/edital-n-20-2026-monitoria-integrado/,2026-03-13
Xique-Xique,GENI promove Semana de Combate à Violência Contra a Mulher no Campus Xique-Xique,https://www.ifbaiano.edu.br/unidades/xique-xique/2026/03/12/geni-promove-semana-de-combate-a-violencia-contra-a-mulher-no-campus-xique-xique/,2026-03-12
Teixeira,IF Baiano campus Teixeira de Freitas recebe a visita institucional do vereador “Claudio Novo Tempo”,https://www.ifbaiano.edu.br/unidades/teixeira/if-baiano-campus-teixeira-de-freitas-recebe-a-visita-institucional-do-vereador-claudio-novo-tempo/,2026-03-12
Xique-Xique,Edital de Fluxo Contínuo para adesão ao Programa de Tutoria de Pares – Bolsistas,https://www.ifbaiano.edu.br/unidades/xique-xique/2026/03/12/edital-de-fluxo-continuo-para-adesao-ao-programa-de-tutoria-de-pares-bolsistas/,2026-03-12
Lapa,Edital nº 17/2026 – Vagas Ociosas Cursos Subsequentes Presenciais.,https://www.ifbaiano.edu.br/unidades/lapa/2026/03/11/edital-no-17-2026-vagas-ociosas-cursos-subsequentes-presenciais/,2026-03-11
Uruçuca,Especialização em Ciência e Tecnologia de Alimentos com ênfase em Cacau e Chocolate,https://www.ifbaiano.edu.br/unidades/urucuca/2026/03/11/especializacao-em-ciencia-e-tecnologia-de-alimentos-com-enfase-em-cacau-e-chocolate-recebe-inscricoes-de-11-a-25-de-marco/,2026-03-11
Catu,EDITAL PRORROGADO –  #PartiuIF oferecerá cursinho gratuito e auxílio financeiro,https://www.ifbaiano.edu.br/unidades/catu/2026/03/10/prepare-se-para-o-if-baiano-programa-partiuif-oferecera-cursinho-gratuito-e-auxilio-financeiro/,2026-03-10
Catu,Retificação 03 do Edital Seleção Simplificada de Monitores(as) – Programa PartiuIF | IFBaiano – 2026,https://www.ifbaiano.edu.br/unidades/catu/2026/03/10/selecao-simplificada-de-monitoresas-programa-partiuif-ifbaiano-2026/,2026-03-10
Itapetinga,Chamada Pública para Aquisição de Alimentos da Agricultura Familiar,https://www.ifbaiano.edu.br/unidades/itapetinga/2026/03/10/chamada-publica-para-aquisicao-de-alimentos-da-agricultura-familiar/,2026-03-10
Itapetinga,Contratação de tradutor/intérprete de Libras,https://www.ifbaiano.edu.br/unidades/itapetinga/2026/03/10/aviso-de-licitacao-para-contratacao-de-tradutor-interprete-de-libras/,2026-03-10
Teixeira,IF Baiano – Campus Teixeira de Freitas publica Resultado Final do edital do Programa Alimentação Estudantil 2026.1,https://www.ifbaiano.edu.br/unidades/teixeira/if-baiano-campus-teixeira-de-freitas-publica-edital-do-programa-alimentacao-estudantil-2026-1/,2026-03-09
Itaberaba,Doação de Livros Didáticos Fora do Ciclo do PNLD (Edital de desfazimento 1/2026),https://www.ifbaiano.edu.br/unidades/itaberaba/2026/03/07/desfazimento-livros-didaticos-edital-22-2026/,2026-03-07
Guanambi,"IF Baiano e HAFROQI realizam aula inaugural do Curso de Extensão Ciência e Ancestralidade no Quilombo Lagoa dos Anjos, Candiba-BA.",https://www.ifbaiano.edu.br/unidades/guanambi/2026/03/06/if-baiano-e-hafroqi-realizam-aula-inaugural-do-curso-de-extensao-ciencia-e-ancestralidade-no-quilombo-lagoa-dos-anjos-candiba-ba/,2026-03-06
Lapa,IF Baiano – Campus Bom Jesus da Lapa promove oficina de elaboração de projetos de extensão para discentes.,https://www.ifbaiano.edu.br/unidades/lapa/2026/03/06/if-baiano-campus-bom-jesus-da-lapa-promove-oficina-de-elaboracao-de-projetos-de-extensao-para-discentes/,2026-03-06
Mangabeira,"📢 Atenção, pais, mães e responsáveis dos(as) estudantes ingressantes 2026!",https://www.ifbaiano.edu.br/unidades/gmb/2026/03/06/%f0%9f%93%a2-atencao-pais-maes-e-responsaveis-dosas-estudantes-ingressantes-2026/,2026-03-06
Itapetinga,Edital do PAISE para apoio a estudantes em vulnerabilidade socioeconômica,https://www.ifbaiano.edu.br/unidades/itapetinga/2026/03/05/edital-do-paise-para-apoio-a-estudantes-em-vulnerabilidade-socioeconomica/,2026-03-05
Teixeira,IF Baiano publica edital do Programa de Incentivo à Participação Político-Acadêmica (PROPAC),https://www.ifbaiano.edu.br/unidades/teixeira/if-baiano-publica-edital-do-programa-de-incentivo-a-participacao-politico-academica-propac/,2026-03-05
Guanambi,Projeto do IF Baiano moderniza regulação do SAMU de Guanambi,https://www.ifbaiano.edu.br/unidades/guanambi/2026/03/04/projeto-do-if-baiano-moderniza-regulacao-do-samu-de-guanambi/,2026-03-04
Teixeira,"IF Baiano lança edital do Programa de Incentivo à Cultura, Esporte e Lazer (PINCEL)",https://www.ifbaiano.edu.br/unidades/teixeira/if-baiano-lanca-edital-do-programa-de-incentivo-a-cultura-esporte-e-lazer-pincel/,2026-03-04
Itaberaba,Cursos de Qualificação Profissional – FIC – Campus Itaberaba – Curso Costureira de Máquina Reta e Overloque (Edital 36/2026),https://www.ifbaiano.edu.br/unidades/itaberaba/2026/03/04/curso-costureira-de-maquina-reta-e-overloque-edital-36-2026/,2026-03-04
Itapetinga,Educação a Distância: Segunda Convocação para Matrícula,https://www.ifbaiano.edu.br/unidades/itapetinga/2026/03/04/educacao-a-distancia-segunda-convocacao-para-matricula/,2026-03-04
Catu,Seleção Simplificada de Apoio Pedagógico – Programa PartiuIF | IF Baiano – 2026,https://www.ifbaiano.edu.br/unidades/catu/2026/03/02/selecao-simplificada-de-apoio-pedagogico-programa-partiuif-if-baiano-2026/,2026-03-02
Uruçuca,Edital 5/2026 – Programa de Assistência e Inclusão Social do Estudante – PAISE,https://www.ifbaiano.edu.br/unidades/urucuca/2026/02/27/edital-5-2026-programa-de-assistencia-e-inclusao-social-do-estudante-paise/,2026-02-27
Uruçuca,Programa Partiu IF,https://www.ifbaiano.edu.br/unidades/urucuca/2026/02/26/programa-partiu-if/,2026-02-26
Mangabeira,IF Baiano prorroga inscrições da seleção simplificada para estudantes do PartiuIF até 06 de março,https://www.ifbaiano.edu.br/unidades/gmb/2026/02/26/if-baiano-prorroga-inscricoes-da-selecao-simplificada-para-estudantes-do-partiuif-ate-06-de-marco/,2026-02-26
Mangabeira,SELEÇÃO DE BOLSISTAS DE EXTENSÃO   ENSINO MÉDIO TÉCNICO (ADC),https://www.ifbaiano.edu.br/unidades/gmb/2026/02/26/selecao-de-bolsistas-de-extensao-ensino-medio-tecnico-adc/,2026-02-26
Bonfim,"Chamada: Dispensa Eletrônica para contratação de empresa para fornecer água mineral natural sem gás para o IF Baiano, campus Senhor do Bonfim.",https://www.ifbaiano.edu.br/unidades/bonfim/2026/02/25/chamada-dispensa-eletronica-para-contratacao-de-empresa-para-fornecer-agua-mineral-natural-sem-gas-para-o-if-baiano-campus-senhor-do-bonfim/,2026-02-25
Bonfim,Publicado Processo Seletivo para Residência Estudantil 2026,https://www.ifbaiano.edu.br/unidades/bonfim/2026/02/24/publicado-processo-seletivo-para-residencia-estudantil-2026/,2026-02-24
Itaberaba,"Processo Seletivo para Vagas Remanescentes do Edital 32/2025 – ITB-GAB/ITB-DG/RET/IFBAIANO, de 23/10/2025, para Cursos de Educação Básica Profissional, Técnica e Tecnológica Subsequente ao Ensino Médio, Modalidade Ead (Edital 20/2026)",https://www.ifbaiano.edu.br/unidades/itaberaba/2026/02/24/processo-seletivo-para-vagas-remanescentes-do-edital-32-2025-itb-gab-itb-dg-ret-ifbaiano-de-23-10-2025-para-cursos-de-educacao-basica-profissional-tecnica-e-tecnologica-subsequente-ao-ensino-medi/,2026-02-24
Itaberaba,"Processo Seletivo para Vagas Remanescentes do Edital 31/2025 – ITB-GAB/ITB-DG/RET/IFBAIANO, de 23/10/2025, para Cursos de Educação Básica Profissional, Técnica e Tecnológica Subsequente ao Ensino Médio, Modalidade Presencial (Edital 19/2026)",https://www.ifbaiano.edu.br/unidades/itaberaba/2026/02/24/processo-seletivo-para-vagas-remanescentes-do-edital-31-2025-itb-gab-itb-dg-ret-ifbaiano-de-23-10-2025-para-cursos-de-educacao-basica-profissional-tecnica-e-tecnologica-subsequente-ao-ensino-medi/,2026-02-24
Catu,RETIFICAÇÃO DO EDITAL DE VAGAS PARA REALIZAÇÃO DE ESTÁGIO INTERNO,https://www.ifbaiano.edu.br/unidades/catu/2026/02/24/edital-de-vagas-para-realizacao-de-estagio-interno/,2026-02-24
Teixeira,IF Baiano – Campus Teixeira de Freitas publica Edital do Programa de Auxílios Eventuais (PAE),https://www.ifbaiano.edu.br/unidades/teixeira/if-baiano-campus-teixeira-de-freitas-publica-edital-do-programa-de-auxilios-eventuais-pae/,2026-02-23
Lapa,EDITAL Nº 13/2026 – Edital de Vagas Ociosas Cursos Superiores,https://www.ifbaiano.edu.br/unidades/lapa/2026/02/23/edital-no-13-2026-edital-de-vagas-remanescentes-cursos-superiores/,2026-02-23
Alagoinhas,Resultado Preliminar – SELEÇÃO DE ESTUDANTES DE NÍVEL SUPERIOR PARA A REALIZAÇÃO DE ESTÁGIO,https://www.ifbaiano.edu.br/unidades/alagoinhas/selecao-de-estudantes-de-nivel-superior-para-a-realizacao-de-estagio-remunerado-no-instituto-federal-baiano-campus-alagoinhas/,2026-02-23
Bonfim,Pregão Eletrônico nº 90005/2025 – aquisição de livros para o acervo da Biblioteca do Campus Senhor do Bonfim,https://www.ifbaiano.edu.br/unidades/bonfim/2026/02/23/pregao-eletronico-no-90005-2025-aquisicao-de-livros-para-o-acervo-da-biblioteca-do-campus-senhor-do-bonfim/,2026-02-23
Catu,Seleção Simplificada de Professores(as) – Programa PartiuIF | IFBaiano – 2026,https://www.ifbaiano.edu.br/unidades/catu/2026/02/21/selecao-simplificada-de-professoresas-programa-partiuif-ifbaiano-2026/,2026-02-21
Teixeira,IF Baiano – Campus Teixeira de Freitas diivulga resultado preliminar do Programa de Assistência e Inclusão Social do Estudante (PAISE) 2026,https://www.ifbaiano.edu.br/unidades/teixeira/paise-2026/,2026-02-20
Itaberaba,Edital nº 15/2026 – Processo Seletivo Suplementar de Monitores de Ensino Nível Médio 2025/2026 (Vagas Remanescente do Edital nº 35/2025),https://www.ifbaiano.edu.br/unidades/itaberaba/2026/02/20/monitoria-itaberaba-fevereiro-2025-2026/,2026-02-20
Lapa,PAISE 2026,https://www.ifbaiano.edu.br/unidades/lapa/2026/02/20/paise-2026/,2026-02-20
Bonfim,Sisu 2026: Convocação de 1ª Chamada da Lista de Espera e Resultado Preliminar da Banca de Heteroidentificação,https://www.ifbaiano.edu.br/unidades/bonfim/2026/02/19/sisu-2026-convocacao-de-1a-chamada-da-lista-de-espera-e-resultado-preliminar-da-banca-de-heteroidentificacao/,2026-02-19
Bonfim,"Vagas Remanescentes para Cursos Técnicos Subsequentes Presenciais: Agrimensura (29), Alimentos (15), Informática (28). Inscrição/matrícula de 14 a 19 de fevereiro",https://www.ifbaiano.edu.br/unidades/bonfim/2026/02/11/vagas-remanescentes-para-cursos-tecnicos-subsequentes-presenciais-agrimensura-29-alimentos-15-informatica-28-inscricao-matricula-de-14-a-19-de-fevereiro/,2026-02-11
Uruçuca,Campus Uruçuca está com vagas abertas para cursos integrados ao Ensino Médio,https://www.ifbaiano.edu.br/unidades/urucuca/2026/02/11/campus-urucuca-esta-com-vagas-abertas-para-cursos-integrados-ao-ensino-medio/,2026-02-11
Bonfim,Sisu 2026: Convocação para Banca de Heteroidentificação – Candidatos da Chamada Regular,https://www.ifbaiano.edu.br/unidades/bonfim/2026/02/09/sisu-2026-convocacao-para-banca-de-heteroidentificacao-candidatos-da-chamada-regular/,2026-02-09
Teixeira,IF Baiano Campus Teixeira de Freitas realiza Jornada Pedagógica com foco na integração curricular e na saúde do servidor,https://www.ifbaiano.edu.br/unidades/teixeira/if-baiano-campus-teixeira-de-freitas-realiza-jornada-pedagogica-com-foco-na-integracao-curricular-e-na-saude-do-servidor/,2026-02-06
Bonfim,IF Baiano – Campus Senhor do Bonfim abre inscrições de vagas remanescentes para os cursos Técnicos Subsequentes na modalidade EaD,https://www.ifbaiano.edu.br/unidades/bonfim/2026/02/06/if-baiano-campus-senhor-do-bonfim-abre-inscricoes-de-vagas-remanescentes-para-os-cursos-tecnicos-subsequentes-na-modalidade-ead/,2026-02-06
Teixeira,IF Baiano campus Teixeira de Freitas participa de reunião com MEC sobre expansão da Rede Federal e políticas de permanência estudantil,https://www.ifbaiano.edu.br/unidades/teixeira/if-baiano-campus-teixeira-de-freitas-participa-de-reuniao-no-mec-sobre-expansao-da-rede-federal-e-politicas-de-permanencia-estudantil/,2026-02-06
Bonfim,CHAMADA Nº 03 SELEÇÃO DE BOLSISTAS E VOLUNTÁRIOS(AS) PARA O PROGRAMA DE EDUCAÇÃO TUTORIAL-PET EDUCAÇÃO MIDIÁTICA AGROECOLOGIA E COMPUTAÇÃO.,https://www.ifbaiano.edu.br/unidades/bonfim/2026/02/03/chamada-no-03-selecao-de-bolsistas-e-voluntariosas-para-o-programa-de-educacao-tutorial-pet-educacao-midiatica-agroecologia-e-computacao/,2026-02-03
Teixeira,Novo veículo reforça a infraestrutura do Campus Teixeira de Freitas,https://www.ifbaiano.edu.br/unidades/teixeira/novo-veiculo-reforca-a-infraestrutura-do-campus-teixeira-de-freitas/,2026-02-02
Lapa,Abertas as inscrições para a Seleção Simplificada de Professores(as) do Programa PartiuIF,https://www.ifbaiano.edu.br/unidades/lapa/2026/01/29/abertas-as-inscricoes-para-a-selecao-simplificada-de-professoresas-do-programa-partiuif/,2026-01-29
Guanambi,"Jornada Pedagógica do IF Baiano – Campus Guanambi começou nesta quarta-feira, 28",https://www.ifbaiano.edu.br/unidades/guanambi/2026/01/28/jornada-pedagogica-do-if-baiano-campus-guanambi-comecou-nesta-quarta-feira-28/,2026-01-28
Bonfim,ATENÇÃO! Cursos Técnicos Subsequentes: Edital de Matrícula Retificado com novas datas – 28/01 a 01/02,https://www.ifbaiano.edu.br/unidades/bonfim/2026/01/28/atencao-cursos-tecnicos-subsequentes-edital-de-matricula-retificado-com-novas-datas-28-01-a-01-02/,2026-01-28
Teixeira,Estudante do IF Baiano participa do SigmaCamp – Etapa Brasil 2026 e representa o Campus em programa educacional internacional,https://www.ifbaiano.edu.br/unidades/teixeira/estudante-do-if-baiano-participa-do-sigmacamp-etapa-brasil-2026-e-representa-o-campus-em-programa-educacional-internacional/,2026-01-27
Teixeira,IF Baiano – Campus Teixeira de Freitas realiza recepção aos novos alunos do Ensino Médio,https://www.ifbaiano.edu.br/unidades/teixeira/if-baiano-campus-teixeira-de-freitas-realiza-recepcao-aos-novos-alunos-do-ensino-medio/,2026-01-26
Uruçuca,PROCESSO SELETIVO PARA RESIDÊNCIA ESTUDANTIL 2026.1 – Edital 04/2026,https://www.ifbaiano.edu.br/unidades/urucuca/2026/01/23/processo-seletivo-para-residencia-estudantil-2026-1-edital-04-2026/,2026-01-23
Bonfim,Aula Inaugural da 2ª Turma do Curso de Salgadeira do Programa Mulheres Mil,https://www.ifbaiano.edu.br/unidades/bonfim/2026/01/21/aula-inaugural-da-2a-turma-do-curso-de-salgadeira-do-programa-mulheres-mil/,2026-01-21
Bonfim,SISU 2026 – Ingresso de Estudantes no Ensino Superior,https://www.ifbaiano.edu.br/unidades/bonfim/2026/01/20/sisu-2026-ingresso-de-estudantes-no-ensino-superior/,2026-01-20
Teixeira,IF Baiano – Campus Teixeira de Freitas divulga vagas remanescentes em cursos técnicos presenciais e EaD,https://www.ifbaiano.edu.br/unidades/teixeira/if-baiano-campus-teixeira-de-freitas-divulga-vagas-remanescentes-em-cursos-tecnicos-presenciais-e-ead/,2026-01-20
Guanambi,Mestrado profissional em Produção Vegetal no Semiárido recebe Conceito 4 na avaliação da Capes,https://www.ifbaiano.edu.br/unidades/guanambi/2026/01/16/mestrado-profissional-em-producao-vegetal-no-semiarido-recebe-conceito-4-na-avaliacao-da-capes/,2026-01-16
Bonfim,Convocação 1ª Chamada cursos Técnicos Subsequentes EaD,https://www.ifbaiano.edu.br/unidades/bonfim/2026/01/16/convocacao-1a-chamada-cursos-tecnicos-subsequentes-ead/,2026-01-16
Lapa,SELEÇÃO  PARA  VAGAS NO CURSO DE GRADUAÇÃO BACHARELADO EM ENGENHARIA AGRONÔMICA – CAMPUS BOM JESUS DALAPA –  E VAGAS NO CURSO DE TECNOLOGIA DA GESTÃO DATECNOLOGIA DA INFORMAÇÃO,https://www.ifbaiano.edu.br/unidades/lapa/2026/01/15/selecao-de-candidatosas-para-preenchimento-de-vagas-no-curso-degraduacao-bacharelado-em-engenharia-agronomica-campus-bom-jesus-dalapa-periodo-letivo-2025-2-e-vagas-no-curso-de-tecnologia-da-gest/,2026-01-15
Uruçuca,SiSU 2026 – Inscreva-se para estudar no IF Baiano Campus Uruçuca,https://www.ifbaiano.edu.br/unidades/urucuca/2026/01/14/sisu-2026-inscreva-se-para-estudar-no-if-baiano-campus-urucuca/,2026-01-14
Uruçuca,IF Baiano abre Processo Seletivo de Vagas Remanescentes para Cursos Técnicos Subsequentes – Ingresso 2026,https://www.ifbaiano.edu.br/unidades/urucuca/2026/01/07/if-baiano-abre-processo-seletivo-de-vagas-remanescentes-para-cursos-tecnicos-ead-ingresso-2026/,2026-01-07
Alagoinhas,HORÁRIO DE MATRICULA PRESENCIAL – JANEIRO 2026 (08:30H ÀS 13:30 HORAS).,https://www.ifbaiano.edu.br/unidades/alagoinhas/horario-de-matricula-presencial-janeiro-2026-0830h-as-1330-horas/,2026-01-06
Itaberaba,IF Baiano Campus Itaberaba abre seleção para Professor Substituto de Matemática,https://www.ifbaiano.edu.br/unidades/itaberaba/2025/12/27/noticia-edital-260-2025-professor-matematica/,2025-12-27
Guanambi,IF Baiano Guanambi abre seleção para curso de extensão sobre agroecologia e saberes tradicionais quilombolas,https://www.ifbaiano.edu.br/unidades/guanambi/2025/12/19/if-baiano-guanambi-abre-selecao-para-curso-de-extensao-sobre-agroecologia-e-saberes-tradicionais-quilombolas/,2025-12-19
Catu,Resultado Final e Orientação Edital de Monitoria,https://www.ifbaiano.edu.br/unidades/catu/2025/12/18/lancado-o-edital-de-monitoria/,2025-12-18
Itaberaba,"Renovação de Matrícula 2026 – Cursos da Educação Profissional Técnica de Nível Médio, na Forma integrado ao Ensino Médio – Modalidade Presencial, Turmas do 1º e 2º ano – Edital 46/2025",https://www.ifbaiano.edu.br/unidades/itaberaba/2025/12/18/renovacao-de-matricula-2026-integrado/,2025-12-18
Catu,ATENÇÃO – SAIU A CHAMADA DA LISTA DE ESPERA DOS ESTUDANTES – PAISE 2025,https://www.ifbaiano.edu.br/unidades/catu/2025/12/17/lancamento-do-edital-no-23-2025-programa-de-assistencia-e-inclusao-social-do-estudante-paise/,2025-12-17
Uruçuca,Campus Uruçuca se destaca no JAIF 2025 e lidera quadro de medalhas,https://www.ifbaiano.edu.br/unidades/urucuca/2025/12/16/campus-urucuca-se-destaca-no-jaif-2025-e-lidera-quadro-de-medalhas/,2025-12-16
Catu,Publicação do Edital de Matrícula do Edital de Vagas Ociosas em Licenciatura em Química,https://www.ifbaiano.edu.br/unidades/catu/2025/12/11/lancamento-do-edital-de-vagas-ociosas-licenciatura-em-quimica/,2025-12-11
Lapa,Campus Bom Jesus da Lapa Finaliza Curso de Operadora de Computador do Programa Mulheres Mil,https://www.ifbaiano.edu.br/unidades/lapa/2025/12/10/if-baiano-campus-bom-jesus-da-lapa-finaliza-curso-de-operadora-de-computador-do-programa-mulheres-mil/,2025-12-10
Xique-Xique,Aviso de Revogação,https://www.ifbaiano.edu.br/unidades/xique-xique/2025/12/10/aviso-de-revogacao/,2025-12-10
Itaberaba,Edital nº 252/2025: Seleção de Estudantes para o Curso de Costureira (Programa Mulheres Mil),https://www.ifbaiano.edu.br/unidades/itaberaba/2025/12/04/edital-252-2025-selecao-alunas-costureira-mulheres-mil/,2025-12-04
Uruçuca,VII Feira de Saúde do IF Baiano – Campus Uruçuca reforça ações de cuidado e prevenção na comunidade acadêmica,https://www.ifbaiano.edu.br/unidades/urucuca/2025/12/01/vii-feira-de-saude-do-if-baiano-campus-urucuca-reforca-acoes-de-cuidado-e-prevencao-na-comunidade-academica/,2025-12-01
Uruçuca,Encerramento do Projeto PARTIU IF no IF Baiano – Campus Uruçuca,https://www.ifbaiano.edu.br/unidades/urucuca/2025/12/01/encerramento-do-projeto-partiu-if-no-if-baiano-campus-urucuca/,2025-12-01
Alagoinhas,CHAMADA PÚBLICA N. 132/2025 – Aquisição de produtos da agricultura familiar através do PNAE (Programa Nacional de Alimentação),https://www.ifbaiano.edu.br/unidades/alagoinhas/chamada-publica-n-132-2025-aquisicao-de-produtos-da-agricultura-familiar-atraves-do-pnae-programa-nacional-de-alimentacao/,2025-11-27
Lapa,IF Baiano – Campus Bom Jesus da Lapa publica edital para contratação de professor(a) substituto(a) em Letras Português/Inglês,https://www.ifbaiano.edu.br/unidades/lapa/2025/11/26/if-baiano-campus-bom-jesus-da-lapa-publica-edital-para-contratacao-de-professora-substitutoa-em-letras-portugues-ingles/,2025-11-26
Lapa,Roda de Conversa Discute Protagonismo Feminino e o Poder da Palavra,https://www.ifbaiano.edu.br/unidades/lapa/2025/11/26/roda-de-conversa-discute-protagonismo-feminino-e-o-poder-da-palavra/,2025-11-26
Itaberaba,Campus Itaberaba publica Edital de Seleção Interna para o Programa Mulheres Mil (Edital 244/2025),https://www.ifbaiano.edu.br/unidades/itaberaba/2025/11/25/edital-244-2025-mulheres-mil/,2025-11-25
Alagoinhas,SNCT do IF Baiano – Campus Alagoinhas ganha nova data e promete programação ampliada em fevereiro de 2026,https://www.ifbaiano.edu.br/unidades/alagoinhas/snct-do-if-baiano-campus-alagoinhas-ganha-nova-data-e-promete-programacao-ampliada-em-fevereiro-de-2026/,2025-11-19
Uruçuca,Inscrições abertas para o Programa de Monitoria,https://www.ifbaiano.edu.br/unidades/urucuca/2025/11/18/inscricoes-abertas-para-o-programa-de-monitoria/,2025-11-18
Uruçuca,Lançamento do Projeto BioCabruca no IF Baiano – Campus Uruçuca!,https://www.ifbaiano.edu.br/unidades/urucuca/2025/11/17/lancamento-do-projeto-biocabruca-no-if-baiano-campus-urucuca/,2025-11-17
Catu,RESULTADO FINAL – CIÊNCIA ITINERANTE 2025.2,https://www.ifbaiano.edu.br/unidades/catu/2025/11/14/seletiva-para-ingresso-de-discentes-no-programa-ciencia-itinerante-2025-2/,2025-11-14
Alagoinhas,TBT! Aluna do IF Baiano – Campus Alagoinhas conquista medalha na Olimpíada Nacional de Nanociência e Nanotecnologia,https://www.ifbaiano.edu.br/unidades/alagoinhas/aluna-do-if-baiano-campus-alagoinhas-conquista-medalha-na-olimpiada-nacional-de-nanociencia-e-nanotecnologia/,2025-11-13
Catu,EDITAL DE CHAMADA PÚBLICA Nº 05/2025 E DISPENSA DE LICITAÇÃO 38/2025 / PNAE,https://www.ifbaiano.edu.br/unidades/catu/2025/11/12/edital-de-chamada-publica-no-05-2025-e-dispensa-de-licitacao-38-2025-pnae/,2025-11-12
Valença,Dia “D” da CPA mobiliza comunidade acadêmica no Campus Valença,https://www.ifbaiano.edu.br/unidades/valenca/2025/11/11/dia-d-da-cpa-mobiliza-comunidade-academica-no-campus-valenca/,2025-11-11
Xique-Xique,V Dia do Livro e da Biblioteca,https://www.ifbaiano.edu.br/unidades/xique-xique/2025/11/03/__trashed/,2025-11-03
Itaberaba,Processo Seletivo de Monitores de Ensino dos Cursos Técnicos de Nível Médio 2025/2026 (Edital 35/2025),https://www.ifbaiano.edu.br/unidades/itaberaba/2025/10/31/monitoria-outubro-2025/,2025-10-31
Lapa,Chamada Pública PAA,https://www.ifbaiano.edu.br/unidades/lapa/2025/10/30/chamada-publica-paa-6/,2025-10-30
Catu,Editais/Chamadas Públicas – Comunicado de venda Pública nº 02/2025,https://www.ifbaiano.edu.br/unidades/catu/2025/10/24/editais-chamadas-publicas/,2025-10-24
Catu,SEU PRÓXIMO NÍVEL COMEÇA AGORA! PÓS-GRADUAÇÃO EAD NO IF BAIANO!,https://www.ifbaiano.edu.br/unidades/catu/2025/10/23/seu-proximo-nivel-comeca-agora-pos-graduacao-ead-no-if-baiano/,2025-10-23
Xique-Xique,IF Baiano – Campus Xique-Xique Lança Chamada Pública para Aquisição de Alimentos da Agricultura Familiar,https://www.ifbaiano.edu.br/unidades/xique-xique/2025/10/22/if-baiano-campus-xique-xique-lanca-chamada-publica-para-aquisicao-de-alimentos-da-agricultura-familiar/,2025-10-22
Catu,📢 Vem aí o I Fórum de Docentes de Filosofia do IF Baiano!,https://www.ifbaiano.edu.br/unidades/catu/2025/10/22/%f0%9f%93%a2-vem-ai-o-i-forum-de-docentes-de-filosofia-do-if-baiano/,2025-10-22
Xique-Xique,Concurso de criação de um escudo que represente as práticas esportivas do IF Baiano – Campus Xique-Xique.,https://www.ifbaiano.edu.br/unidades/xique-xique/2025/10/21/concurso-de-criacao-de-um-escudo-que-represente-as-praticas-esportivas-do-if-baiano-campus-xique-xique/,2025-10-21
Catu,🎓💻 II – SEMINÁRIO DE INFORMÁTICA – IF Baiano | Campus Catu,https://www.ifbaiano.edu.br/unidades/catu/2025/10/16/%f0%9f%8e%93%f0%9f%92%bb-ii-seminario-de-informatica-if-baiano-campus-catu/,2025-10-16
Mangabeira,IF Baiano realiza Chamada Pública para aquisição de gêneros alimentícios da agricultura familiar,https://www.ifbaiano.edu.br/unidades/gmb/2025/10/14/if-baiano-realiza-chamada-publica-para-aquisicao-de-generos-alimenticios-da-agricultura-familiar/,2025-10-14
Xique-Xique,Processo Seletivo Simplificado para Contratação de Professor Substituto:  Língua Portuguesa,https://www.ifbaiano.edu.br/unidades/xique-xique/2025/10/10/processo-seletivo-simplificado-para-contratacao-de-professor-substituto-lingua-portuguesa/,2025-10-10
Lapa,Aula Inaugural Marca Início do Curso de Operadora de Computador no IF Baiano – Campus Bom Jesus da Lapa,https://www.ifbaiano.edu.br/unidades/lapa/2025/10/08/aula-inaugural-marca-inicio-do-curso-de-operadora-de-computador-no-if-baiano-campus-bom-jesus-da-lapa/,2025-10-08
Xique-Xique,Abandono de Animais no Campus – Medidas Adotadas,https://www.ifbaiano.edu.br/unidades/xique-xique/2025/10/08/abandono-de-animais-no-campus-medidas-adotadas/,2025-10-08
Catu,Acolhida do Projeto Ciência Itinerante,https://www.ifbaiano.edu.br/unidades/catu/2025/09/30/acolhida-do-projeto-ciencia-itinerante/,2025-09-30
Valença,Edital de renovação de matrícula do curso subsequente em Meio Ambiente,https://www.ifbaiano.edu.br/unidades/valenca/2025/09/29/edital-de-renovacao-de-matricula-do-curso-subsequente-em-meio-ambiente-2/,2025-09-29
Valença,Edital de Renovação de Matrícula curso técnico subsquente EAD em Informática e em Secretaria Escolar,https://www.ifbaiano.edu.br/unidades/valenca/2025/09/29/edital-de-renovacao-de-matricula-curso-tecnico-subsquente-ead-em-informatica-e-em-secretaria-escolar/,2025-09-29
Itaberaba,Renovação de Matrícula 2025 (Módulo II) – Cursos: Técnico na Modalidade a distância (Edital 29/2025),https://www.ifbaiano.edu.br/unidades/itaberaba/2025/09/24/enovacao-de-matricula-2025-ead/,2025-09-24
Catu,"Lista Final de Inscrições dos Cursos FIC,s 2025",https://www.ifbaiano.edu.br/unidades/catu/2025/09/23/lancamento-edital-dos-cursos-fics-2025/,2025-09-23
Alagoinhas,Convocados do Campus Alagoinhas para o JIF – Jogos dos Institutos Federais – Etapa Nordeste,https://www.ifbaiano.edu.br/unidades/alagoinhas/convocados-do-campus-alagoinhas-para-o-jif-jogos-dos-instituto-federal-etapa-nordeste/,2025-09-22
Xique-Xique,Processo Seletivo Simplificado para Contratação de Professor Substituto – Campus Xique-Xique,https://www.ifbaiano.edu.br/unidades/xique-xique/2025/09/22/processo-seletivo-simplificado-para-contratacao-de-professor-substituto-campus-xique-xique/,2025-09-22
Mangabeira,IF Baiano – Campus Governador Mangabeira publica Edital de Estágio Curricular Obrigatório,https://www.ifbaiano.edu.br/unidades/gmb/2025/09/17/if-baiano-campus-governador-mangabeira-publica-edital-de-estagio-curricular-obrigatorio/,2025-09-17
Mangabeira,IF Baiano – Campus Governador Mangabeira lança edital para seleção de estagiários,https://www.ifbaiano.edu.br/unidades/gmb/2025/09/10/if-baiano-campus-governador-mangabeira-lanca-edital-para-selecao-de-estagiarios/,2025-09-10
Xique-Xique,"III Encontro da Educação Inclusiva e Dia do Surdo: Ser, Saber e Incluir",https://www.ifbaiano.edu.br/unidades/xique-xique/2025/09/10/iii-encontro-da-educacao-inclusiva-e-dia-do-surdo-ser-saber-e-incluir/,2025-09-10
Xique-Xique,Convite: Reunião de Pais e Responsáveis,https://www.ifbaiano.edu.br/unidades/xique-xique/2025/09/09/convite-reuniao-de-pais-e-responsaveis/,2025-09-09
Mangabeira,IF Baiano oferta 800 vagas para cursos técnicos no Campus Governador Mangabeira,https://www.ifbaiano.edu.br/unidades/gmb/2025/09/02/if-baiano-oferta-800-vagas-para-cursos-tecnicos-no-campus-governador-mangabeira/,2025-09-02
Lapa,Editais de Licitação 2025,https://www.ifbaiano.edu.br/unidades/lapa/2025/09/02/editais-de-licitacao-2025/,2025-09-02
Lapa,IF Baiano oferta 120 vagas para cursos técnicos integrados no Campus Bom Jesus da Lapa,https://www.ifbaiano.edu.br/unidades/lapa/2025/09/01/if-baiano-oferta-120-vagas-para-cursos-tecnicos-integrados-no-campus-bom-jesus-da-lapa/,2025-09-01
Valença,Vem ser IF Baiano: campus Valença lança edital com 180 vagas para os cursos integrados,https://www.ifbaiano.edu.br/unidades/valenca/2025/08/31/vem-ser-if-baiano-campus-valenca-lanca-edital-com-180-vagas-para-os-cursos-integrados/,2025-08-31
Catu,Processo seletivo para ingresso nos cursos integrados ao ensino médio do IF Baiano – Campus Catu ,https://www.ifbaiano.edu.br/unidades/catu/2025/08/30/processo-seletivo-para-ingresso-nos-cursos-integrados-ao-ensino-medio-do-if-baiano-campus-catu/,2025-08-30
Valença,Edital de renovação de matrícula – curso Técnico Subsequente EAD em Informática e em Secretaria Escolar,https://www.ifbaiano.edu.br/unidades/valenca/2025/08/25/edital-de-renovacao-de-matricula-curso-tecnico-subsequente-ead-em-informatica-e-em-secretaria-escolar/,2025-08-25
Itaberaba,"Renovação de Matrícula 2025.1 (Módulo III) – Cursos Técnicos Subsequente, Modalidade Ead – Edital 26/2025",https://www.ifbaiano.edu.br/unidades/itaberaba/2025/08/19/renovacao-de-matricula-2025-subsequente-ead/,2025-08-19
Valença,"Edital nº 12, de 10 de julho de 2025 PROGRAMA DE INCENTIVO À CULTURA, ESPORTE E LAZER – PINCEL",https://www.ifbaiano.edu.br/unidades/valenca/2025/08/12/edital-no-12-de-10-de-julho-de-2025-programa-de-incentivo-a-cultura-esporte-e-lazer-pincel/,2025-08-12
Valença,"Edital nº 11, de 10 de julho de 2025 PROGRAMA DE INCENTIVO À PARTICIPAÇÃO POLÍTICO ACADÊMICA – PROPAC",https://www.ifbaiano.edu.br/unidades/valenca/2025/08/12/edital-no-11-de-10-de-julho-de-2025-programa-de-incentivo-a-participacao-politico-academica-propac/,2025-08-12
Catu,ATENÇÃO – Errata da Divulgação das Inscrições Homologadas e Locais das Provas – Conecta e Capacita,https://www.ifbaiano.edu.br/unidades/catu/2025/08/05/conecta-e-capacita-transforme-seu-futuro-com-tecnologia/,2025-08-05
Catu,Processo Seletivo de Ingresso no Curso de Agrimensura – Campus Catu/Mata de São João,https://www.ifbaiano.edu.br/unidades/catu/2025/08/04/processo-seletivo-de-ingresso-no-curso-de-agrimensura-campus-catu-mata-de-sao-joao/,2025-08-04
Lapa,"Agroecologia em prática: Alunos do IF Baiano Campus de Bom Jesus da Lapa visitam Fazenda Ouro Fino, modelo de Agricultura Sintrópica na Bahia",https://www.ifbaiano.edu.br/unidades/lapa/2025/08/01/agroecologia-em-pratica-alunos-do-if-baiano-campus-de-bom-jesus-da-lapa-visitam-fazenda-ouro-fino-modelo-de-agricultura-sintropica-na-bahia/,2025-08-01
Xique-Xique,Pesquisa do IF Baiano avalia acesso à água potável e proximidade das metas da Agenda 2030 em comunidade rural,https://www.ifbaiano.edu.br/unidades/xique-xique/2025/08/01/pesquisa-do-if-baiano-avalia-acesso-a-agua-potavel-e-proximidade-das-metas-da-agenda-2030-em-comunidade-rural/,2025-08-01
Xique-Xique,Defesa de estágio do estudante Charles Brito,https://www.ifbaiano.edu.br/unidades/xique-xique/2025/07/30/defesa-de-estagio-do-estudante-charles-brito/,2025-07-30
Alagoinhas,Programas Estudantis,https://www.ifbaiano.edu.br/unidades/alagoinhas/programas-estudantis/,2025-07-29
Lapa,Julho das Pretas 2025,https://www.ifbaiano.edu.br/unidades/lapa/2025/07/23/julho-das-pretas-2025/,2025-07-23
Mangabeira,Egresso do IF Baiano – Campus Governador Mangabeira participa de formação no Congresso Nacional,https://www.ifbaiano.edu.br/unidades/gmb/2025/07/23/egresso-do-if-baiano-campus-governador-mangabeira-participa-de-formacao-no-congresso-nacional/,2025-07-23
Mangabeira,RESULTADO PRELIMINAR DAS PROPOSTAS SUBMETIDAS – CURSO FIC 2025.2,https://www.ifbaiano.edu.br/unidades/gmb/2025/07/22/campus-governador-mangabeira-lanca-edital-para-selecao-de-propostas-de-cursos-de-formacao-continuada/,2025-07-22
Alagoinhas,"PROGRAMA DE INCENTIVO À CULTURA, ESPORTE E LAZER – PINCEL 2025",https://www.ifbaiano.edu.br/unidades/alagoinhas/pincel2025/,2025-07-15
Alagoinhas,Programa de Incentivo à Participação Político-Acadêmica – PROPAC 2025,https://www.ifbaiano.edu.br/unidades/alagoinhas/propac2025/,2025-07-15
Catu,RESULTADO FINAL – CIÊNCIA ITINERANTE 2025,https://www.ifbaiano.edu.br/unidades/catu/2025/07/15/processo-seletivo-para-ingresso-de-discentes-no-programa-ciencia-itinerante-2/,2025-07-15
Mangabeira,Julho das Pretas no IF Baiano – Campus Governador Mangabeira,https://www.ifbaiano.edu.br/unidades/gmb/2025/07/15/julho-das-pretas-no-if-baiano-campus-governador-mangabeira/,2025-07-15
Alagoinhas,IF Baiano e Prefeitura de Alagoinhas discutem parcerias estratégicas para o desenvolvimento local,https://www.ifbaiano.edu.br/unidades/alagoinhas/parceria-do-if-baiano-campus-alagoinhas-com-a-gestao-municipal/,2025-07-15
Lapa,VIAGEM TÉCNICA À EDIÇÃO NACIONAL DA CAMPUS PARTY,https://www.ifbaiano.edu.br/unidades/lapa/2025/07/10/viagem-tecnica-a-edicao-nacional-da-campus-party/,2025-07-10
Xique-Xique,Processo Seletivo Simplificado para Contratação de Professor Substituto Campi Senhor do Bonfim e Xique-Xique – Julho 2025,https://www.ifbaiano.edu.br/unidades/xique-xique/2025/07/09/processo-seletivo-simplificado-para-contratacao-de-professor-substituto-campi-senhor-do-bonfim-e-xique-xique-julho-2025/,2025-07-09
Itaberaba,Divulgado o Edital 23/2025 do Programa de Auxílios Eventuais (PAE) 2025 no Campus Itaberaba,https://www.ifbaiano.edu.br/unidades/itaberaba/2025/07/09/divulgado-o-edital-23-2025-do-programa-de-auxilios-eventuais-pae-2025-no-campus-itaberaba/,2025-07-09
Itaberaba,Abertas as Inscrições do Programa de Incentivo à Participação Político Acadêmica (PROPAC) 2025 – Edital 25/2025,https://www.ifbaiano.edu.br/unidades/itaberaba/2025/07/09/abertas-as-inscricoes-do-programa-de-incentivo-a-participacao-politico-academica-propac-2025-edital-25-2025/,2025-07-09
Itaberaba,"Publicado o Edital 24/2025 do Programa Institucional de Cultura, Esporte e Lazer (PINCEL) 2025 no Campus Itaberaba",https://www.ifbaiano.edu.br/unidades/itaberaba/2025/07/08/publicado-o-edital-24-2025-do-programa-institucional-de-cultura-esporte-e-lazer-pincel-2025-no-campus-itaberaba/,2025-07-08
Alagoinhas,Programa de Assistência e Inclusão Social do Estudante – PAISE 2025,https://www.ifbaiano.edu.br/unidades/alagoinhas/paise2025/,2025-07-03
Alagoinhas,PROGRAMA DE AUXÍLIOS EVENTUAIS – PAE 2025,https://www.ifbaiano.edu.br/unidades/alagoinhas/programa-de-auxilios-eventuais-pae/,2025-06-27
Lapa,Aprenda Língua Yorùbá no IF Baiano – Curso Básico na Modalidade EaD!,https://www.ifbaiano.edu.br/unidades/lapa/2025/06/25/aprenda-lingua-yoruba-no-if-baiano-curso-basico-na-modalidade-ead/,2025-06-25
Mangabeira,EDITAL – PROCESSO ELEITORAL PARA ESCOLHA DE GRUPO GESTOR DO NEABI,https://www.ifbaiano.edu.br/unidades/gmb/2025/06/12/edital-processo-eleitoral-para-escolha-de-grupo-gestor-do-neabi/,2025-06-12
Mangabeira,Estudo de Demanda IF Baiano 2024/2025 – Comunidade Externa,https://www.ifbaiano.edu.br/unidades/gmb/2025/06/02/estudo-de-demanda-if-baiano-2024-2025-comunidade-externa/,2025-06-02
Mangabeira,Fórum de Planejamento e Avaliação Estratégica 2025 – Fase 2,https://www.ifbaiano.edu.br/unidades/gmb/2025/05/27/forum-de-planejamento-e-avaliacao-estrategica-2025-fase-2/,2025-05-27
Alagoinhas,V Reneabi – Programação Local,https://www.ifbaiano.edu.br/unidades/alagoinhas/reneabi2025/,2025-05-26
Itaberaba,Edital nº 20/2025 – Processo Seletivo Suplementar de Monitores de Ensino Nível Médio 2025 (Vagas Remanescente do Edital nº 22/2024),https://www.ifbaiano.edu.br/unidades/itaberaba/2025/05/26/monitoria-itaberaba-maio-2025/,2025-05-26
Alagoinhas,Jornada Pedagógica 2025,https://www.ifbaiano.edu.br/unidades/alagoinhas/jornada-pedagogica-2025/,2025-05-23
Alagoinhas,EDITAL DE MATRÍCULA – PROCESSO SELETIVO PARA INGRESSO DE ESTUDANTES CURSOS SUBSEQUENTES 2025,https://www.ifbaiano.edu.br/unidades/alagoinhas/edital-de-matricula-processo-seletivo-para-ingresso-de-estudantes-cursos-subsequentes-2025/,2025-05-16
Alagoinhas,Especialização em Ensino de Ciências Naturais e Matemática – Vagas abertas!,https://www.ifbaiano.edu.br/unidades/alagoinhas/especializacao-em-ensino-de-ciencias-naturais-e-matematica-2025/,2025-05-13
Valença,Campus Valença publica edital de seleção para Programa de Assistência e Inclusão Social do Estudante – PAISE – 2025.1,https://www.ifbaiano.edu.br/unidades/valenca/2025/05/10/campus-valenca-publica-edital-de-selecao-para-programa-de-assistencia-e-inclusao-social-do-estudante-paise-2025-1/,2025-05-10
Valença,EDITAL DA CHAMADA PÚBLICA 1/2025 DISPENSA DE LICITAÇÃO Aquisição de gêneros alimentícios da agricultura familiar para o atendimento ao Programa Nacional de Alimentação Escolar – PNAE,https://www.ifbaiano.edu.br/unidades/valenca/2025/05/06/edital-da-chamada-publica-1-2025-dispensa-de-licitacao-90001-2025-processo-23336-250632-2025-92/,2025-05-06
Serrinha,"CHAMADA PÚBLICA Nº 01/2025 – CHAMADA PÚBLICA PARA ESCOLHA DE ENTIDADES PARA REALIZAR ACORDO DE COOPERAÇÃO TÉCNICA PARA OBTER OFERTA DE CURSOS EAD DO IFBAIANO, SEM REPASSE DE RECURSOS ENTRE OS PARTÍCIPES",https://www.ifbaiano.edu.br/unidades/serrinha/2025/05/05/chamada-publica-no-01-2025-chamada-publica-para-escolha-de-entidades-para-realizar-acordo-de-cooperacao-tecnica-para-obter-oferta-de-cursos-ead-do-ifbaiano-sem-repasse-de-recursos-entre-o/,2025-05-05
Valença,Edital de Renovação de matrícula – cursos técnicos integrados – Agropecuária e Agroecologia – 2025,https://www.ifbaiano.edu.br/unidades/valenca/2025/04/29/edital-de-renovacao-de-matricula-cursos-tecnicos-integrados-agropecuaria-e-agroecologia-2025/,2025-04-29
Itaberaba,Campus Itaberaba promove Fórum Justiça Climática em Diálogo: Educação e Sustentabilidade no Semiárido,https://www.ifbaiano.edu.br/unidades/itaberaba/2025/04/29/forum-justica-climatica-em-dialogo-educacao-e-sustentabilidade-no-semiarido/,2025-04-29
Mangabeira,📢 PAISE 2025: Divulgação da Lista de Estudantes Pré-selecionados,https://www.ifbaiano.edu.br/unidades/gmb/2025/04/15/publicacao-dos-editais-da-politica-de-assistencia-estudantil-2025/,2025-04-15
Valença,Edital de Renovação de Matrícula do curso Licenciatura em Ciências Biológicas,https://www.ifbaiano.edu.br/unidades/valenca/2025/04/15/edital-de-renovacao-de-matricula-do-curso-licenciatura-em-ciencias-biologicas/,2025-04-15
Valença,Edital de Renovação de Matrícula do curso Subsequente em Meio Ambiente,https://www.ifbaiano.edu.br/unidades/valenca/2025/04/14/edital-de-renovacao-de-matricula-do-curso-subsequente-em-meio-ambiente/,2025-04-14
Mangabeira,IF Baiano – Campus Governador Mangabeira realiza Painel Consultivo com a comunidade externa para planejamento de novos cursos,https://www.ifbaiano.edu.br/unidades/gmb/2025/04/13/if-baiano-campus-governador-mangabeira-realiza-painel-consultivo-com-a-comunidade-externa-para-planejamento-de-novos-cursos/,2025-04-13
Serrinha,PROGRAMA DE ASSISTÊNCIA E INCLUSÃO SOCIAL DO ESTUDANTE – PAISE 2025,https://www.ifbaiano.edu.br/unidades/serrinha/2025/04/07/programa-de-assistencia-e-inclusao-social-do-estudante-paise/,2025-04-07
Valença,IF Baiano oferta 30 vagas para a especialização em Ensino da Matemática,https://www.ifbaiano.edu.br/unidades/valenca/2025/04/04/if-baiano-oferta-30-vagas-para-a-especializacao-em-ensino-da-matematica/,2025-04-04
Serrinha,PROCESSO DE SELEÇÃO PÚBLICA SIMPLIFICADA PARA PROFESSOR DO CURSO DE SEGUNDA LICENCIATURA EM EDUCAÇÃO ESPECIAL INCLUSIVA DO PARFOR EQUIDADE – IF BAIANO,https://www.ifbaiano.edu.br/unidades/serrinha/2025/03/31/processo-de-selecao-publica-simplificada-para-professor-do-curso-de-segunda-licenciatura-em-educacao-especial-inclusiva-do-parfor-equidade-if-baiano/,2025-03-31
Valença,IF Baiano dialoga com IFBA e UNEB para estabelecerem parcerias e cooperação entre projetos,https://www.ifbaiano.edu.br/unidades/valenca/2025/03/26/if-baiano-dialoga-com-ifba-e-uneb-para-estabelecerem-parcerias-e-cooperacao-entre-projetos/,2025-03-26
Alagoinhas,Processo Seletivo do Curso Subsequente 2025 – Técnico em Agroindústria,https://www.ifbaiano.edu.br/unidades/alagoinhas/tecnicosubsequente2025/,2025-03-17
Valença,IF Baiano Valença participa do Encontro do Conselho Inter Territorial de Articulação das Comunidades Quilombolas do Baixo Sul e Litoral Sul da Bahia (CIACOQ),https://www.ifbaiano.edu.br/unidades/valenca/2025/02/28/if-baiano-valenca-participa-do-encontro-do-conselho-inter-territorial-de-articulacao-das-comunidades-quilombolas-do-baixo-sul-e-litoral-sul-da-bahia-ciacoq/,2025-02-28
Valença,IF Baiano Valença promove audiência pública para debater a criação de novo curso superior,https://www.ifbaiano.edu.br/unidades/valenca/2025/02/28/if-baiano-valenca-promove-audiencia-publica-para-debater-a-criacao-de-novo-curso-superior/,2025-02-28
Valença,IF Baiano Valença implanta tecnologia de proteção sanitária de nascentes na Fazenda Aldeia,https://www.ifbaiano.edu.br/unidades/valenca/2025/02/25/ifbaiano-valenca-implanta-tecnologia-de-protecao-sanitaria-de-nascentes-na-fazenda-aldeia/,2025-02-25
Mangabeira,Ingresso de Estudantes 2025– Cursos Superiores,https://www.ifbaiano.edu.br/unidades/gmb/2025/02/13/processo-seletivo-2025-curso-superior/,2025-02-13
Mangabeira,IF Baiano – Campus Governador Mangabeira Oferece Curso pelo Programa Mulheres Mil,https://www.ifbaiano.edu.br/unidades/gmb/2025/01/20/if-baiano-campus-governador-mangabeira-abre-inscricoes-para-curso-no-ambito-do-programa-mulheres-mil/,2025-01-20
Mangabeira,Seleção Interna para Cadastro Reserva de Profissionais de Apoio e Professores Formadores – Programa Mulheres Mil (IF Baiano),https://www.ifbaiano.edu.br/unidades/gmb/2024/12/23/selecao-interna-para-cadastro-reserva-de-profissionais-de-apoio-e-professores-formadores-programa-mulheres-mil-if-baiano/,2024-12-23
Valença,Edital de matrícula para o curso de Pós-graduação Lato Sensu em Meio Ambiente e Agroecologia,https://www.ifbaiano.edu.br/unidades/valenca/2024/12/13/edital-de-matricula-para-o-curso-de-pos-graduacao-lato-sensu-em-meio-ambiente-e-agroecologia/,2024-12-13
Serrinha,Processo Seletivo para Mestrado Profissional em Ciências Ambientais (MPCA) – Campus Serrinha – Período de inscrição: 09/12/2024 até 31/01/2025.,https://www.ifbaiano.edu.br/unidades/serrinha/2024/12/09/processo-seletivo-para-mestrado-profissional-em-ciencias-ambientais-mpca-campus-serrinha-periodo-de-inscricao-09-12-2024-ate-31-01-2025/,2024-12-09
Serrinha,Processo Seletivo Cursos Ensino Médio/Integrado 2025,https://www.ifbaiano.edu.br/unidades/serrinha/2024/12/05/ingresso-de-estudantes-2025/,2024-12-05
Valença,Campus Valença promoverá a I Semana de Enfrentamento ao HIV e outras IST’S,https://www.ifbaiano.edu.br/unidades/valenca/2024/12/05/campus-valenca-promovera-a-i-semana-de-enfrentamento-ao-hiv-e-outras-ists/,2024-12-05
Valença,Campus Valença publica edital PAISE 2024.2,https://www.ifbaiano.edu.br/unidades/valenca/2024/11/04/campus-valenca-publica-edital-paise-2024-2/,2024-11-04
Serrinha,Edital PAISE 2024.2,https://www.ifbaiano.edu.br/unidades/serrinha/2024/10/04/edital-paise-2024-2/,2024-10-04
Serrinha,EDITAL Nº21 – PROCESSO SELETIVO PARA CONCESSÃO DE BOLSAS DE MONITORIA 2024,https://www.ifbaiano.edu.br/unidades/serrinha/2024/09/11/edital-no21-processo-seletivo-para-concessao-de-bolsas-de-monitoria-2024/,2024-09-11
Serrinha,EDITAL DE INSCRIÇÃO PARA ADESÃO AO PROGRAMA DE GESTÃO DO TELETRABALHO – REGIME PARCIAL – TAES – 2024,https://www.ifbaiano.edu.br/unidades/serrinha/2024/09/10/edital-de-inscricao-para-adesao-ao-programa-de-gestao-do-teletrabalho-regime-parcial-taes-2024/,2024-09-10
Serrinha,Segunda Chamada para Matrícula – Curso de Instrumento Musical,https://www.ifbaiano.edu.br/unidades/serrinha/2024/09/10/segunda-chamada-para-matricula-curso-de-instrumento-musical/,2024-09-10
Serrinha,Dispensa de Licitação Eletrônica 90003/2024 – Aquisição com instalação de assentos e encostos para as carteiras escolares,https://www.ifbaiano.edu.br/unidades/serrinha/2024/09/04/dispensa-de-licitacao-eletronica-90003-2024-aquisicao-com-instalacao-de-assentos-e-encostos-para-as-carteiras-escolares/,2024-09-04
Serrinha,"CHAMADA PÚBLICA 01/2024 – CREDENCIAMENTO DE ENTIDADES PARA REALIZAR ACORDO DE COOPERAÇÃO TÉCNICA PARA OFERTAS DE CURSOS DE EAD DO IF BAIANO, SEM REPASSE DE RECURSOS ENTRE OS PARTÍCIPES.",https://www.ifbaiano.edu.br/unidades/serrinha/2024/09/03/chamada-publica-01-2024-credenciamento-de-entidades-para-realizar-acordo-de-cooperacao-tecnica-para-ofertas-de-cursos-de-ead-do-if-baiano-sem-repasse-de-recursos-entre-os-participes/,2024-09-03
Serrinha,PROCESSO ELEITORAL PARA ESCOLHA DOS INTEGRANTES DOS NPPDS BIÊNIO 2024-2026,https://www.ifbaiano.edu.br/unidades/serrinha/2024/08/15/processo-eleitoral-para-escolha-dos-integrantes-dos-nppds-bienio-2024-2026/,2024-08-15
Serrinha,Resultado Parcial do PAISE 2024,https://www.ifbaiano.edu.br/unidades/serrinha/2024/08/12/resultado-parcial-do-paise-2024/,2024-08-12
Serrinha,Pregão Eletrônico 01/2024 – Contratação de Empresa especializada no fornecimento de Refeição para o IF Baiano – Campus Serrinha,https://www.ifbaiano.edu.br/unidades/serrinha/2024/08/12/pregao-eletronico-01-2024-contratacao-de-empresa-especializada-no-fornecimento-de-refeicao-para-o-if-baiano-campus-serrinha/,2024-08-12
Serrinha,Nota Informativa 01/2024 – Finalização da greve e retorno das aulas,https://www.ifbaiano.edu.br/unidades/serrinha/2024/07/04/nota-informativa-01-2024-finalizacao-da-greve-e-retorno-das-aulas/,2024-07-04
Serrinha,Processo Seletivo Simplificado para Contratação de Professor Substituto,https://www.ifbaiano.edu.br/unidades/serrinha/2024/06/21/processo-seletivo-simplificado-para-contratacao-de-professor-substituto/,2024-06-21
Serrinha,EDITAL Nº 87/2024 REFERENTE AO PROCESSO SELETIVO DE ESTUDANTES PARA O CURSODE SEGUNDA LICENCIATURA EM EDUCAÇÃO ESPECIAL INCLUSIVA DO PARFOR EQUIDADE,https://www.ifbaiano.edu.br/unidades/serrinha/2024/04/29/edital-no-87-2024-referente-ao-processo-seletivo-de-estudantes-para-o-cursode-segunda-licenciatura-em-educacao-especial-inclusiva-do-parfor-equidade/,2024-04-29
Serrinha,Dispensa de Licitação Eletrônica nº 9002/2023. Objeto: Aquisição de insumos para a confecção de crachás,https://www.ifbaiano.edu.br/unidades/serrinha/2024/04/08/dispensa-de-licitacao-eletronica-no-9002-2023-objeto-aquisicao-de-insumos-para-a-confeccao-de-crachas/,2024-04-08
Serrinha,Editais da Assistência Estudantil – PAE / PROPAC / PINCEL,https://www.ifbaiano.edu.br/unidades/serrinha/2024/04/02/editais-da-assistencia-estudantil-pae-propac-pincel/,2024-04-02
